2019-03-05 07:03:48,@jokowi NEGARA YANG MAJU DAN MAKMUR KARENA DARI DESANYA YANG MAKMUR CIKAL BAKAL KEMAJUAN SUATU NEGARA DILIHAT DARIâ€¦ https://t.co/PjrgbfxCnF
2019-03-05 07:03:48,"Berita Terkini:  Ini Hukuman Berikutnya, Eep Saefulloh : Jokowi Sedang Dihukum Rakyat"
2019-03-05 07:03:48,"RT @IsekaiHero: Dan akhirnye para Buzzer Laknat peliharaan @jokowi dan para cebongnya gagal klimaks. ğŸ˜‚

âœ“ Polisi tegaskan Andi Arief sendirâ€¦"
2019-03-05 07:03:47,"RT @emak_bekti: @ratunyirnyir @jokowi https://t.co/REcV2Ij5vC

sumber daya manusia Indonesia akan meningkat guys, dengan adanya 1.000 Balaiâ€¦"
2019-03-05 07:03:47,Perbedaan pendukung Prabowo vs Jokowi #01IndonesiaMaju #JokowiLagi #KoalisiPrabohong https://t.co/WRcfShKoZE
2019-03-05 07:03:46,"RT @woelannnn: Mau kafir kek
Mau nasrani kek
Mau PKI kek
Saya tetap Jokowi.
Isu apapun sy ga peduli

Cari yg merakyat itu susah.
Merakyat iâ€¦"
2019-03-05 07:03:46,RT @xcintakiehlx: Jadi Presiden itu berat! Biar Pak @jokowi saja!ğŸ‘ https://t.co/5iNzxK5AeQ
2019-03-05 07:03:46,"RT @ronavioleta: Lho? ğŸ˜

alasan para Caleg takut suaranya bkurang jk terang2an kampanye Jokmin di Ranah minang. ""kalau kalah kan mereka rugâ€¦"
2019-03-05 07:03:45,"RT @kumparan: Survei LSI Denny menunjukkan elektabilitas Jokowi-Ma'ruf unggul jauh dari Prabowo-Sandi, satu bulan jelang pencoblosan. httpsâ€¦"
2019-03-05 07:03:45,RT @Dr_Stein08: Mana yang Benar Pak Jokowi? Lahir di Pinggir Kali atau di Rumah Sakit? https://t.co/O8sdSPmM2q
2019-03-05 07:03:44,"RT @IrHMFaqih: TKN akan laporkan emak emak berbaju pks kampanye hitam terhadap Jokowi
Kenapa kampanye hitam seperti ini masih juga berlanjuâ€¦"
2019-03-05 07:03:43,"RT @Kartikaribet: Kartu Sakti terbaru program Pak @Jokowi. Dgn 3 kartu tambahan tersebut, maka tanggung jawab negara di dalam memajukan kesâ€¦"
2019-03-05 07:03:43,"RT @ABramansya: orang lain yg merasakn nikmat. jokowi yg salah hedeeeeeeh otak mana otak oiiiii
#SepreinyaPINK https://t.co/zsxFNmM8od"
2019-03-05 07:03:43,"RT @NCTYULUCAS: @RPEBASE @wuonyounq hey jangan tinggalin aku ya, aku paham kamu tuh ky jokowi sbux parah. Tapi aku mengerti. Semangat teruuâ€¦"
2019-03-05 07:03:42,"RT @marierteman: Ini batas akal sehat minimal.

Akal mulai menyadari
ada yang tidak beres...ğŸ˜ƒ

https://t.co/CZZ7fubmZ5"
2019-03-05 07:03:42,RT @emak_bekti: @ratunyirnyir @jokowi @AryaSinulingga @permadiaktivis @4Y4NKZ @P3nj3l4j4h @DemplonMak @Makdetektif @kangdede78 https://t.coâ€¦
2019-03-05 07:03:41,"RT @marierteman: Ini batas akal sehat minimal.

Akal mulai menyadari
ada yang tidak beres...ğŸ˜ƒ

https://t.co/CZZ7fubmZ5"
2019-03-05 07:03:41,@detikcom @jokowi Enek banget liat gerombolan PKS
2019-03-05 07:03:40,@djoyo591 @RizmaWidiono @jokowi @KemenPU betul pak....ma org yg kalo siang tidur...kalo malem kluyuran di hotel maâ€¦ https://t.co/VTeNweS5X8
2019-03-05 07:03:40,@jokowi Motivasi yang sangat bagus pak presiden ğŸ˜
2019-03-05 07:03:39,"RT @Uki23: ğŸ˜‡ Ahok itu apa?
ğŸ˜¡ Kafir!
ğŸ˜‡ Kalau Rocky Gerung?
ğŸ˜¡ Non muslim!

ğŸ˜‡ Bro, Jokowi jadi imam salat lho!
ğŸ˜¡ Itu Riya! Salat itu ga bolehâ€¦"
2019-03-05 07:03:36,@saifin092 @jokowi Sudah gak khawatir mau lanjut kuliah gimana #SDMPremium sudah menjanjikan
2019-03-05 07:03:34,"RT @dianyounee: ""Jadi yang lebih urgent dilakukan oleh pemerintah semestinya mendorong penyediaan lapangan kerja formal sebanyak-banyaknya,â€¦"
2019-03-05 07:03:34,@teguh_hardiyan @eae18 @Miqdad_92 @jokowi Sebagai istrinya lebih pantes
2019-03-05 07:03:33,"RT @AryPrasetyo_85: Tim Khusus 1901 Siap Menangkan @jokowi di Cirebon

Tim Khusus 1901 Juara Kabupaten dan Kota Cirebon mendeklarasikan dukâ€¦"
2019-03-05 07:03:30,"RT @MurtadhaOne: Temu Relawan Jokowi Se Eropa 3 Maret 2019 di Den Haag dihadiri 1500 orang

#Er0paTetapJokowi 
@AdianNapitupul1 @budimandjaâ€¦"
2019-03-05 07:03:29,"RT @dionbonjovi18: #SepreinyaPINK 
Yang lg dikurung lg mikir hoax baru tentang kasusnya enaknya goreng isu kriminalisasi atau berbau politiâ€¦"
2019-03-05 07:03:29,"RT @liem_id: Byk Kartu Sakti Buktikan Jkw Tipe Pemimpin Tong Kosong 

""Jkw ini tipe pemimpin tong kosong nyaring bunyinya. Dm mendongkrak eâ€¦"
2019-03-05 07:03:28,"RT @sahaL_AS: Dear Pak  â¦@jokowiâ©, 

Mbok menawi Njenengan wonten wekdal, monggo mirsani acaranipun â¦@Dennysiregar7â© kalean â¦@Giring_Ganeshâ€¦"
2019-03-05 07:03:28,RT @xcintakiehlx: Jadi Presiden itu berat! Biar Pak @jokowi saja!ğŸ‘ https://t.co/5iNzxK5AeQ
2019-03-05 07:03:28,RT @xcintakiehlx: Jadi Presiden itu berat! Biar Pak @jokowi saja!ğŸ‘ https://t.co/5iNzxK5AeQ
2019-03-05 07:03:26,"RT @MichelAdamNew: ANTEK ASENG INSIDE 5: 
JOLOWI PERMUDAH PEMBEBASAN LAHAN

Jolowi Akan Terbitkan Perpres Kemudahan Pembebasan Lahan https:â€¦"
2019-03-05 07:03:26,"RT @helmifelis: Helmi Felis Polling untuk MILENIAL
Jokowi vs Dilan. Faktanya Dilan kalah

Peserta polling 2.030 yang pilih
Dilan        509â€¦"
2019-03-05 07:03:25,"RT @olle_noise: #01 kan Ranah Minang
#SumbarPemilihJokowi

@jokowi @humaira979
@ubegebe1 @JokowiMinang https://t.co/rbCBoMXMwu"
2019-03-05 07:03:24,@rendangseruling Yaps... bahagia itu indah. Kita raih bahagianya Indonesia bersama Jokowi ajah...ğŸ‘ğŸ‘ https://t.co/DSyKi5lUfg
2019-03-05 07:03:24,@prayogo_yetno @xcintakiehlx @sultan_ied @jokowi Bwakakakakakak...1 kata 4 huruf : HOAX!
2019-03-05 07:03:23,RT @xcintakiehlx: Jadi Presiden itu berat! Biar Pak @jokowi saja!ğŸ‘ https://t.co/5iNzxK5AeQ
2019-03-05 07:03:23,"RT @IrHMFaqih: Emak kampanye hitam ke jokowi sebut pelajaran agama akan dihapus
ğŸ‘‰Saya sangat prihatin sekali dgn cara2 kampanye seperti iniâ€¦"
2019-03-05 07:03:22,RT @xcintakiehlx: Jadi Presiden itu berat! Biar Pak @jokowi saja!ğŸ‘ https://t.co/5iNzxK5AeQ
2019-03-05 07:03:22,@jokowi Para penerus bangsa
2019-03-05 07:03:21,"RT @gungsusi: 105 Kg itu bukan jumlah yang sedikit.
Negara rugi lebih dari 200 M atas kasus ini.
Coba tebak ini terjadi di rezim siapa? Siaâ€¦"
2019-03-05 07:03:20,"RT @jokowi: Menerima kedatangan 371 siswa SMA Taruna Nusantara di Istana Bogor, kemarin. Mereka datang dengan seragam biru dan dasi hitam,â€¦"
2019-03-05 07:03:20,"RT @HermawanEndan: Selamat Berjuang Pak @EkoSandjojo Semoga Sukses Mewakili Masyarakat Bengkulu Mewujudkan Indonesia MAJU ...âœŠ

SATUkan Indâ€¦"
2019-03-05 07:03:20,"RT @NikenSabila_: @FaGtng @jokowi kk Edo Kondologit keren banget menyuarakan dukungan ke Pak Jokowi ^_^
#SDMPremium 
@jokowiapp"
2019-03-05 07:03:20,"@xcintakiehlx @Sandra_Aidelia @jokowi Bahasa Inggris jowoki gmn??
Ngomong bhs nasional saja gagap.. 
gmn ngomong bhs Inggris??? ğŸ¤¦â€â™‚ï¸"
2019-03-05 07:03:20,RT @xcintakiehlx: Jadi Presiden itu berat! Biar Pak @jokowi saja!ğŸ‘ https://t.co/5iNzxK5AeQ
2019-03-05 07:03:19,"RT @Karolina_bee11: @MegaSimarmata kemrin anda jelek2in Bapak @Jokowi lalu mendukung PS, dan mem blok saya dkk.. skarag anda pasang AVa dgnâ€¦"
2019-03-05 07:03:18,"RT @fadlizon: P @jokowi , ini jalan rusak parah di Aceh Utara menuju Makam Pahlawan Nasional Cut Meutia. Apakah perlu ada yg mandi lumpur dâ€¦"
2019-03-05 07:03:17,"mantapğŸ‘
#jokowi #JokowiLagi #Jokowi2Periode #JokowiAmin #Jokowiorangnyabaik #JokowiMarufAmin #Jokowinyatakerjanyaâ€¦ https://t.co/kNhxBExvHm"
2019-03-05 07:03:16,RT @xcintakiehlx: Jadi Presiden itu berat! Biar Pak @jokowi saja!ğŸ‘ https://t.co/5iNzxK5AeQ
2019-03-05 07:03:16,RT @xcintakiehlx: Jadi Presiden itu berat! Biar Pak @jokowi saja!ğŸ‘ https://t.co/5iNzxK5AeQ
2019-03-05 07:03:15,RT @xcintakiehlx: Jadi Presiden itu berat! Biar Pak @jokowi saja!ğŸ‘ https://t.co/5iNzxK5AeQ
2019-03-05 07:03:14,"RT @Uki23: ğŸ˜‡ Ahok itu apa?
ğŸ˜¡ Kafir!
ğŸ˜‡ Kalau Rocky Gerung?
ğŸ˜¡ Non muslim!

ğŸ˜‡ Bro, Jokowi jadi imam salat lho!
ğŸ˜¡ Itu Riya! Salat itu ga bolehâ€¦"
2019-03-05 07:03:13,RT @xcintakiehlx: Jadi Presiden itu berat! Biar Pak @jokowi saja!ğŸ‘ https://t.co/5iNzxK5AeQ
2019-03-05 07:03:13,@detikcom @jokowi PKS bubarin aja sihğŸ˜ğŸ˜ğŸ˜ğŸ˜
2019-03-05 07:03:13,RT @xcintakiehlx: Jadi Presiden itu berat! Biar Pak @jokowi saja!ğŸ‘ https://t.co/5iNzxK5AeQ
2019-03-05 07:03:12,"RT @Uki23: ğŸ˜‡ Ahok itu apa?
ğŸ˜¡ Kafir!
ğŸ˜‡ Kalau Rocky Gerung?
ğŸ˜¡ Non muslim!

ğŸ˜‡ Bro, Jokowi jadi imam salat lho!
ğŸ˜¡ Itu Riya! Salat itu ga bolehâ€¦"
2019-03-05 07:03:11,"RT @ditanyaaa_: Mau Jokowi ataupun Prabowo presiden nya, cicilan gue tetep gue yang bayar. 

ğŸƒğŸ’¨ https://t.co/hZcQ8Qjvki"
